date time,rating(5star),review,theme
2026-03-07 23:06:57,5,groww is good and better than more app,Other
2026-03-07 21:29:08,1,"I have never seen a platform as bad as groww. Do not allow to delete the account. No need to call the help line, the music plays for hours. A useless platform. If there is a problem for some reason, the help line cannot be contacted. I request everyone to call the help line once before depositing money and check if I am right or not.",Customer Support
2026-03-07 21:08:11,3,why no login option is showing when I downloaded grow app on my new phone,Login Issues
2026-03-07 20:40:49,1,the most worst app I have used ever in my life a big withdrawal issue if I withdraw my money it comes back to my groww account instead of bank account groww needs to work on this issue,Brokerage Charges
2026-03-07 20:31:12,5,very good app for investing to everyone,Other
2026-03-07 20:20:09,1,"if anyone draw levels in various stocks in one mobile and after changing the phone on same account there is no drawings on those stocks. so you have to redraw those levels, it should be changed in recent update so we have to work easily",App Performance
2026-03-07 20:13:46,5,"one , of the best app for investment.",Other
2026-03-07 20:02:54,1,"worst app specially for mutual funds, they sell mutual funds without customer permission and didnt even show in statement. Show fake holdings.",Brokerage Charges
2026-03-07 19:35:07,1,high brokarage..now some broker only 10..it charged morethan 55..also not trustable sl hit before the price come..they will took entire money..6 yrs i use grow and write the review..worst app..use nubra app 10 rs only broke,Brokerage Charges
2026-03-07 18:41:49,5,good little to improve to show each % investment return on screen,Other
2026-03-07 18:22:02,5,Simple UI... Easy to trade... Good app for beginners and experienced professional,Other
2026-03-07 17:39:33,4,"Great app with a clean and easy interface for trading. It would be even better if Groww could add Trailing Stop Loss, VWAP indicator, and Volume in the charts. These features are very important for intraday and options traders to make better decisions and manage risk effectively. Hope the Groww team adds these soon!",App Performance
2026-03-07 17:03:50,1,"poor customer service. despite customer service excepting glitch in their tool which impacted me to revise my orders and made loss, Customer service is not ready to compensate and gives a stupid response.",Customer Support
2026-03-07 16:33:52,1,Your application is always hang and chart also not updated properly india ka sabse bakwas application hai don't install pura barbaad kr dega,App Performance
2026-03-07 15:25:02,3,it was taken more broker charges,Brokerage Charges
2026-03-07 14:31:13,5,it's good and easy to operate the functions,Other
2026-03-07 14:12:41,1,"I am trying since many days to import all internal and external Mutual Funds but app is just showing that they will come with new update shortly, but i don't know when new updates will come. Till the time we just have to wait. It is a very disappointing thing in today's digital era customer have to wait so long just to get own funds details. Team request to resolve at earliest",Customer Support
2026-03-07 14:03:41,1,worst of the worst customer support,Customer Support
2026-03-07 12:31:19,1,please resolve- unable to track external mutual funds is currently paused. we will come back with an updated experience,Customer Support
2026-03-07 10:55:23,5,Very easy and good app..Easy interface.. Good customer care service.. Invest & Groww,Other
2026-03-07 10:10:41,3,I'm out fetch option not working in mf,Other
2026-03-07 09:55:25,1,Fund status is not getting refreshed and has been paused.,Customer Support
2026-03-07 09:37:20,5,Easy App to understand markets quickly,Other
2026-03-07 09:19:55,5,Fabulous application for investment with Spenldid graphics and helpful approach,Other
2026-03-07 09:18:59,5,"I find the Groww app simple and easy to use. The interface is clean and straightforward, which makes it good for beginners who are just starting with investing or mutual funds. Navigating between stocks, mutual funds, and other investment options is smooth, and basic data like price charts and performance history loads quickly.",Other
2026-03-07 09:09:08,5,I Requested Groww Daily SIP System,Other
2026-03-07 09:02:56,1,This app is good but something more Some more systems need to be introduced.,Other
2026-03-07 08:42:42,3,"Dear Team, Please look into this, external funds unable to track in Groww application. Few days error facing i.e. ""Tracking external funds is currently paused"". Mutual funds updated details not showing.",Customer Support
2026-03-07 08:25:50,5,"please add feature of safe exit in commodity Trade, because this feature is very helpfull for beginner",Other
2026-03-07 08:12:20,5,super investment and mutual fund application to track best plan to invest I got benefitted you must try,Other
2026-03-07 07:12:00,5,groww is best for mutual fund investment,Other
2026-03-07 06:19:22,3,please update SWP option in this application.,Other
2026-03-07 05:10:39,5,"Groww is widely praised for its incredibly intuitive, beginner-friendly interface and seamless, paperless onboarding that makes investing in stocks and mutual funds accessible to everyone. It’s a top-tier choice if you value simplicity, educational resources, and a transparent, commission-free experience.",Other
2026-03-07 01:08:36,1,it is showing my Tracking external funds are currently paused ????,Customer Support
2026-03-07 00:54:31,4,Good platform to trade for beginners and expert,Other
2026-03-07 00:37:44,1,every time you have place an order you click refresh button. quited using this application,App Performance
2026-03-06 23:40:50,5,groww app is good but my KYC need to update.,Other
2026-03-06 22:28:36,5,this app is very easy to use for beginners.....there is no software issue.... comparatively very fast and clear.i am using this app for 4 years.. I personally recommend this app to everyone.,Other
2026-03-06 22:27:05,1,I tried to contact support through chat and they don't even respond. Not appreciated at all.,Customer Support
2026-03-06 21:49:32,5,Very buttery smooth interface for beginners best of the best without much complications... thanks !,Other
2026-03-06 20:20:46,1,"too much taxes and sometimes you won't know why your balance gets negative even though no transactions were done , u also need to invest on lot of shares to earn profit because of the taxes they cut",Brokerage Charges
2026-03-06 20:14:35,5,Great interphase and hassle free browsing experience..,Other
2026-03-06 18:31:33,5,awesome app I used almost 3 years no problem any process,Other
2026-03-06 17:32:35,3,customer service calls have wait time for 5 + minutes. post that line just disconnects automatically. the mutual fund NAV refresh does not work for weeks now and no update on when and how will it be fixed,Customer Support
2026-03-06 16:59:42,1,im very upset non settlement and the costumer sport,Customer Support
2026-03-06 16:47:43,1,This is so rubbish trading app That I have been ever see Since 2024,Other
2026-03-06 16:13:48,3,i can't get update 18.4.3 version how can i get this updated version,Other
2026-03-06 15:52:38,2,facing technical glitches while exiting when every second is important kindly correct it immediately...,App Performance
2026-03-06 15:23:45,1,Not a reliable app because of some discrepancies/delays during selling & buying stocks & also high external charges & taxes charged by Groww apart from their brokerage charges,Brokerage Charges
2026-03-06 15:09:55,5,Smooth and easy to invest with an intuitive UI. Well designed,Other
2026-03-06 14:56:19,1,"I had set the stoploss at 3 points and when the market went down, I saw that the grow broker raised my stoploss by 10 points. The grow app did a very wrong thing, I am protesting.",Brokerage Charges
2026-03-06 13:28:49,5,"excellent, in terms of convenience, easiness and transparency. I find it (GrowW App) as one shop solution for all my investment needs.",Investment Experience
2026-03-06 13:20:16,5,it's very easy to be used understanding apps,Other
2026-03-06 13:02:16,5,without learning anything from outside you can learn and everything here,Other
2026-03-06 12:49:53,5,it is a good platform to learn investment,Investment Experience
2026-03-06 12:39:36,5,groww is best trading app best for bigginers and professional trade all of people.these app is simple interface.,Investment Experience
2026-03-06 12:11:27,4,this review for grow as a long term user you should be add swp option... everything is ok but that's the one option you must be add,Brokerage Charges
2026-03-06 12:07:02,2,"0.3 to 0.7 Sec late exit,buying... don't recommend",App Performance
2026-03-06 11:51:57,5,very comfortable to invest and online changes according to your pocket and time is such a best choice.,Investment Experience
2026-03-06 11:25:04,3,New phones me groww app ko unsafe bata raha hai. Groww ka clone app create karne nai deta one plus 15 me. Remain sare brokers ka clone app karne deta hai.,Login Issues
2026-03-06 11:19:19,1,"My genuine openion is this grow better works on desktop or laptop and mobile app built for just name sake, if switch to another app and comeback to groww it stucked and showing where you left. again close the app and re open then only comes to live.",App Performance
2026-03-06 10:51:07,5,its very easy to operate with the help and cooperation of staff. every time the team is staying with us to extend their cooperation,Customer Support
2026-03-06 10:46:50,5,ease to handle and data upto date,Customer Support
2026-03-06 10:39:56,5,for someone new good experienced customer support you will sometime need to wait what you will get it,Customer Support
2026-03-06 10:30:30,3,"Everything is fine except that there is no ""take profit"" option in intraday trading. Can you please make it possible to do that?",Brokerage Charges
2026-03-06 10:06:12,5,"I am truly grateful for this app. It is very user-friendly and easy to use. There are many useful features and products available on it, which makes learning and usage very convenient. The design of the app is also very attractive and beautiful. Thank you for creating such a helpful and well-designed application. It is really beneficial for students and users. thank you thank you thank you",Investment Experience
2026-03-06 09:58:30,5,This platform is very easy for trading.,Investment Experience
2026-03-06 09:57:54,2,some times MF unit allocation is very slow,App Performance
2026-03-06 09:53:09,5,Very good app for investing I am using it for past 4 years very good and user friendly. Loved it.,Investment Experience
2026-03-06 09:52:23,5,perfect easy trust worthy and helpful,Investment Experience
2026-03-06 09:44:12,5,"best trading & investment app, easy to understand + operate,",Investment Experience
2026-03-06 09:43:18,5,I have been using this app for approx 5 years this app is updated full and newsleble and this is good for me and how using this app,Investment Experience
2026-03-06 09:40:21,3,"Many things have improved and are working fine. But then I saw the loans tab in the app and GR1 AI wrapper in the web. Why? just why! U can make a separate application for loans, upi and ai things. Please don't make ur clean interface bloated with these things.",Brokerage Charges
2026-03-06 09:36:39,5,This is best app for the trading and stock market.I really like this app. Everyone should be download this app.,Investment Experience
2026-03-06 09:36:00,5,"this is the best broker for beginners I recommend for beginners to install the groww app and increase the knowledge and experience in the investment, treading etc.",Investment Experience
2026-03-06 09:34:44,5,nice app easy to access for beginner,Investment Experience
2026-03-06 09:30:15,5,one of best trading terminal app in india it would be more useful if you add the features of trailing stop loss or drag to book profit or stop loss in windows,App Performance
2026-03-06 09:24:57,5,"nice app use very easy but I won't to bhatrt connect for recharge, Bill pay more much",Other
2026-03-06 09:10:57,5,Great App for Investing and Trading..Easy and Fast Process. Great Work by Team Groww.,Investment Experience
2026-03-06 09:08:46,1,"don't use this app for trading because there are so much glitches during trading and you can't exit at the right time when you want because your exit order will be rejected everytime . If you raise the concern to the customer service the will just say sorry for the inconvenience caused, they won't provide any solution to the problem. #stopusinggroww",Login Issues
2026-03-06 09:02:50,5,Great and very friendly app. compared to other similar apps this is much user friendly and its simplicity makes it a quick decision on trades The app is quite faster and I can see a lot of improvements happening within the app often.,App Performance
2026-03-06 08:56:28,1,very bad app not working properly,App Performance
2026-03-06 08:56:14,3,Dashboard me Refresh external funds update nahi ho rhe please fix it,App Performance
2026-03-06 08:48:56,5,GROWW IS THE BEST TRADING APP. VERY EASY TO OPERATE .,Investment Experience
2026-03-06 08:09:13,5,easy to use n excellent customer service,Customer Support
2026-03-06 08:02:16,5,easy to operate with mobile but desktop operational some difficult,App Performance
2026-03-06 07:46:14,4,MF portfolio not updated! for above 4 Days.,App Performance
2026-03-06 07:32:36,1,"I found technical glitches at groww in every sensex expiry only on sensex f&o, same pattern on every sensex expiry",App Performance
2026-03-06 07:22:01,1,"Terrible experience. Placed a Sensex Call order, but the app glitched and didn't even show the order in my dashboard. I tried to cancel immediately, but the app was unresponsive. It finally 'ghost executed' my order at a much higher price (₹291) when the market had already crashed to ₹256. I have a full screen recording of the app failing to cancel and hiding my active positions. If you value your capital, stay away. I am filing a formal complaint with SEBI SCORES.",Login Issues
2026-03-06 07:21:42,5,facility for SWP in SOA fund may be provided,Brokerage Charges
2026-03-06 07:17:43,5,very user friendly and good openness,Investment Experience
2026-03-06 07:01:14,4,"it is taking almost 6 days sometime more to update the SIPs, the deduction happens 1st of every month but they continue to show in progress in the dashboard.",App Performance
2026-03-06 06:15:07,4,mai 1 suggestion dena chahunga aapko app me 1 cheez or add karni chahiye jisme sare profit wale share ek sath dikhe or usi me dusari slide par sare loss wale share ek sath dikhe jis se ye track karna asan ho ki profit loss wale actual kitna profit ya loss kar rahe hai present me meri ye baat portfolio profit or loss share ke saprated profit loss ko lekar hai. na ki dono ko combine karne par jo final profit or loss hai usko lekar,Other
2026-03-06 05:42:14,1,app is hang and brokrage very highly don't used this aap,App Performance
2026-03-06 01:15:03,4,your work is vry nice I also refer other person grow application... but sometimes vry difficult in app device network good but app slow down please fix....,App Performance
2026-03-06 00:06:05,1,"worst for fno trading yesterday I lost 18,000 just because the exit order was not getting placed Even at market order",Login Issues
2026-03-05 23:45:17,4,best experience. MF best. only star 4 stock breakage charge high...want zero.,Brokerage Charges
2026-03-05 23:32:49,5,please add kill switch 12 hour,Other
2026-03-05 22:53:07,1,app is too slow . third grad aap in the world,App Performance
2026-03-05 22:07:46,5,This is a very good digital online platform for investment so far.,Investment Experience
